zone;site;plot;date;genet_id;class;code;area;partial_mortality;notes
Farallon;S2P2;Plot 1;2024-12-02;0;Porites astreoides;PAST;213.23;;
Farallon;S2P2;Plot 1;2025-04-14;0;Porites astreoides;PAST;218.41;;
Farallon;S2P2;Plot 1;2025-06-23;0;Porites astreoides;PAST;261.93;;
Farallon;S2P2;Plot 1;2025-10-18;0;Porites astreoides;PAST;232.39;;
Farallon;S2P2;Plot 1;2025-12-01;0;Porites astreoides;PAST;212.97;;
Farallon;S2P2;Plot 1;2026-05-08;0;Porites astreoides;PAST;246.1;;
Farallon;S2P2;Plot 2;2024-12-02;0;Porites astreoides;PAST;157.87;;
Farallon;S2P2;Plot 2;2025-04-14;0;Porites astreoides;PAST;116.9;;
Farallon;S2P2;Plot 2;2025-06-23;0;Porites astreoides;PAST;148.17;;
Farallon;S2P2;Plot 2;2026-05-08;0;Porites astreoides;PAST;150.55;;
Farallon;S2P2;Plot 3;2024-12-02;0;Porites astreoides;PAST;242.24;;
Farallon;S2P2;Plot 3;2025-04-14;0;Porites astreoides;PAST;251.88;;
Farallon;S2P2;Plot 3;2025-06-23;0;Porites astreoides;PAST;279.71;;
Farallon;S2P2;Plot 3;2025-10-18;0;Porites astreoides;PAST;313.88;;
Farallon;S2P2;Plot 3;2026-05-08;0;Porites astreoides;PAST;312.63;;
Farallon;S2P2;Plot 3;2026-05-08;0;Porites astreoides;PAST;115.54;;
Farallon;S2P2;Plot 1;2024-12-02;1;Porites astreoides;PAST;53.41;;
Farallon;S2P2;Plot 1;2025-04-14;1;Porites astreoides;PAST;52.86;;
Farallon;S2P2;Plot 1;2025-06-23;1;Porites astreoides;PAST;57.84;;
Farallon;S2P2;Plot 1;2025-10-18;1;Porites astreoides;PAST;50.53;;
Farallon;S2P2;Plot 1;2025-12-01;1;Porites astreoides;PAST;53.24;;
Farallon;S2P2;Plot 1;2026-05-08;1;Porites astreoides;PAST;57.2;;
Farallon;S2P2;Plot 2;2024-12-02;1;Porites astreoides;PAST;220.41;;
Farallon;S2P2;Plot 2;2025-04-14;1;Porites astreoides;PAST;179.21;;
Farallon;S2P2;Plot 2;2025-06-23;1;Porites astreoides;PAST;235.86;;
Farallon;S2P2;Plot 2;2026-05-08;1;Porites astreoides;PAST;186.65;;
Farallon;S2P2;Plot 3;2024-12-02;1;Porites astreoides;PAST;22.59;;
Farallon;S2P2;Plot 3;2025-04-14;1;Porites astreoides;PAST;30.36;;
Farallon;S2P2;Plot 3;2025-06-23;1;Porites astreoides;PAST;45.27;;
Farallon;S2P2;Plot 3;2025-10-18;1;Porites astreoides;PAST;52.58;;
Farallon;S2P2;Plot 3;2026-05-08;1;Porites astreoides;PAST;48.85;;
Farallon;S2P2;Plot 1;2024-12-02;2;Stephanocoenia intersepta;SINT;25.79;;
Farallon;S2P2;Plot 1;2025-04-14;2;Stephanocoenia intersepta;SINT;37.56;;
Farallon;S2P2;Plot 1;2025-06-23;2;Stephanocoenia intersepta;SINT;44.17;;
Farallon;S2P2;Plot 1;2025-10-18;2;Stephanocoenia intersepta;SINT;48.88;;
Farallon;S2P2;Plot 1;2025-12-01;2;Stephanocoenia intersepta;SINT;42.1;;
Farallon;S2P2;Plot 1;2026-05-08;2;Stephanocoenia intersepta;SINT;54.61;;
Farallon;S2P2;Plot 2;2024-12-02;2;Stephanocoenia intersepta;SINT;139.51;;
Farallon;S2P2;Plot 2;2025-04-14;2;Stephanocoenia intersepta;SINT;122.22;;
Farallon;S2P2;Plot 2;2025-06-23;2;Stephanocoenia intersepta;SINT;173.21;;
Farallon;S2P2;Plot 2;2026-05-08;2;Stephanocoenia intersepta;SINT;150.73;;
Farallon;S2P2;Plot 3;2024-12-02;2;Porites astreoides;PAST;15.18;;
Farallon;S2P2;Plot 3;2025-04-14;2;Porites astreoides;PAST;24.0;;
Farallon;S2P2;Plot 3;2025-06-23;2;Porites astreoides;PAST;30.47;;
Farallon;S2P2;Plot 3;2025-10-18;2;Porites astreoides;PAST;30.29;;
Farallon;S2P2;Plot 3;2026-05-08;2;Porites astreoides;PAST;31.66;;
Farallon;S2P2;Plot 1;2024-12-02;3;Porites astreoides;PAST;6.18;;
Farallon;S2P2;Plot 1;2025-04-14;3;Porites astreoides;PAST;8.68;;
Farallon;S2P2;Plot 1;2025-06-23;3;Porites astreoides;PAST;14.66;;
Farallon;S2P2;Plot 1;2025-10-18;3;Porites astreoides;PAST;10.62;;
Farallon;S2P2;Plot 1;2025-12-01;3;Porites astreoides;PAST;7.97;;
Farallon;S2P2;Plot 1;2026-05-08;3;Porites astreoides;PAST;8.49;;
Farallon;S2P2;Plot 2;2024-12-02;3;Porites astreoides;PAST;95.24;;
Farallon;S2P2;Plot 2;2025-04-14;3;Porites astreoides;PAST;67.45;;
Farallon;S2P2;Plot 2;2025-06-23;3;Porites astreoides;PAST;100.95;;
Farallon;S2P2;Plot 2;2026-05-08;3;Porites astreoides;PAST;31.58;;
Farallon;S2P2;Plot 3;2024-12-02;3;Porites astreoides;PAST;10.69;;
Farallon;S2P2;Plot 3;2025-04-14;3;Porites astreoides;PAST;7.36;;
Farallon;S2P2;Plot 3;2025-06-23;3;Porites astreoides;PAST;7.16;;
Farallon;S2P2;Plot 3;2025-10-18;3;Porites astreoides;PAST;10.67;;
Farallon;S2P2;Plot 1;2024-12-02;4;Porites astreoides;PAST;5.09;;
Farallon;S2P2;Plot 1;2025-04-14;4;Porites astreoides;PAST;13.89;;
Farallon;S2P2;Plot 1;2025-06-23;4;Porites astreoides;PAST;13.46;;
Farallon;S2P2;Plot 1;2025-10-18;4;Porites astreoides;PAST;15.64;;
Farallon;S2P2;Plot 1;2025-12-01;4;Porites astreoides;PAST;10.81;;
Farallon;S2P2;Plot 1;2026-05-08;4;Porites astreoides;PAST;22.38;;
Farallon;S2P2;Plot 2;2024-12-02;4;Porites astreoides;PAST;19.77;;
Farallon;S2P2;Plot 2;2024-12-02;4;Porites astreoides;PAST;51.43;;
Farallon;S2P2;Plot 2;2025-04-14;4;Porites astreoides;PAST;18.7;;
Farallon;S2P2;Plot 2;2025-04-14;4;Porites astreoides;PAST;41.93;;
Farallon;S2P2;Plot 2;2025-06-23;4;Porites astreoides;PAST;49.84;;
Farallon;S2P2;Plot 2;2025-06-23;4;Porites astreoides;PAST;30.4;;
Farallon;S2P2;Plot 2;2026-05-08;4;Porites astreoides;PAST;51.97;;
Farallon;S2P2;Plot 2;2026-05-08;4;Porites astreoides;PAST;10.17;;
Farallon;S2P2;Plot 3;2024-12-02;4;Porites astreoides;PAST;6.2;;
Farallon;S2P2;Plot 3;2025-04-14;4;Porites astreoides;PAST;12.43;;
Farallon;S2P2;Plot 3;2025-06-23;4;Porites astreoides;PAST;25.59;;
Farallon;S2P2;Plot 3;2025-10-18;4;Porites astreoides;PAST;21.58;;
Farallon;S2P2;Plot 3;2026-05-08;4;Porites astreoides;PAST;25.04;;
Farallon;S2P2;Plot 1;2024-12-02;5;Porites astreoides;PAST;24.59;;
Farallon;S2P2;Plot 2;2024-12-02;5;Stephanocoenia intersepta;SINT;131.14;;
Farallon;S2P2;Plot 2;2025-04-14;5;Stephanocoenia intersepta;SINT;84.33;;
Farallon;S2P2;Plot 2;2025-06-23;5;Stephanocoenia intersepta;SINT;138.01;;
Farallon;S2P2;Plot 2;2026-05-08;5;Stephanocoenia intersepta;SINT;73.2;;
Farallon;S2P2;Plot 3;2024-12-02;5;Porites astreoides;PAST;27.44;;
Farallon;S2P2;Plot 3;2025-04-14;5;Porites astreoides;PAST;55.46;;
Farallon;S2P2;Plot 3;2025-06-23;5;Porites astreoides;PAST;55.19;;
Farallon;S2P2;Plot 3;2025-10-18;5;Porites astreoides;PAST;50.84;;
Farallon;S2P2;Plot 3;2026-05-08;5;Porites astreoides;PAST;78.22;;
Farallon;S2P2;Plot 1;2024-12-02;6;Porites astreoides;PAST;259.89;;
Farallon;S2P2;Plot 1;2025-04-14;6;Porites astreoides;PAST;304.67;;
Farallon;S2P2;Plot 1;2025-06-23;6;Porites astreoides;PAST;364.15;;
Farallon;S2P2;Plot 1;2025-10-18;6;Porites astreoides;PAST;402.26;;
Farallon;S2P2;Plot 1;2025-12-01;6;Porites astreoides;PAST;305.57;;
Farallon;S2P2;Plot 1;2026-05-08;6;Porites astreoides;PAST;323.38;;
Farallon;S2P2;Plot 2;2024-12-02;6;Porites astreoides;PAST;38.29;;
Farallon;S2P2;Plot 2;2025-04-14;6;Porites astreoides;PAST;37.93;;
Farallon;S2P2;Plot 2;2025-06-23;6;Porites astreoides;PAST;69.12;;
Farallon;S2P2;Plot 2;2026-05-08;6;Porites astreoides;PAST;47.28;;
Farallon;S2P2;Plot 3;2024-12-02;6;Porites astreoides;PAST;15.13;;
Farallon;S2P2;Plot 3;2025-04-14;6;Porites astreoides;PAST;19.81;;
Farallon;S2P2;Plot 3;2025-06-23;6;Porites astreoides;PAST;18.19;;
Farallon;S2P2;Plot 3;2025-10-18;6;Porites astreoides;PAST;15.21;;
Farallon;S2P2;Plot 3;2026-05-08;6;Porites astreoides;PAST;31.57;;
Farallon;S2P2;Plot 1;2024-12-02;7;Porites astreoides;PAST;12.95;;
Farallon;S2P2;Plot 2;2024-12-02;7;Stephanocoenia intersepta;SINT;35.07;;
Farallon;S2P2;Plot 2;2025-04-14;7;Stephanocoenia intersepta;SINT;29.09;;
Farallon;S2P2;Plot 2;2025-06-23;7;Stephanocoenia intersepta;SINT;40.08;;
Farallon;S2P2;Plot 2;2026-05-08;7;Stephanocoenia intersepta;SINT;16.95;;
Farallon;S2P2;Plot 3;2024-12-02;7;Porites astreoides;PAST;29.55;;
Farallon;S2P2;Plot 3;2025-04-14;7;Porites astreoides;PAST;35.07;;
Farallon;S2P2;Plot 3;2025-06-23;7;Porites astreoides;PAST;38.61;;
Farallon;S2P2;Plot 3;2025-10-18;7;Porites astreoides;PAST;40.31;;
Farallon;S2P2;Plot 3;2026-05-08;7;Porites astreoides;PAST;40.77;;
Farallon;S2P2;Plot 1;2024-12-02;8;Porites astreoides;PAST;32.3;;
Farallon;S2P2;Plot 2;2024-12-02;8;Porites astreoides;PAST;76.6;;
Farallon;S2P2;Plot 2;2025-04-14;8;Porites astreoides;PAST;81.61;;
Farallon;S2P2;Plot 2;2025-06-23;8;Porites astreoides;PAST;105.71;;
Farallon;S2P2;Plot 2;2026-05-08;8;Porites astreoides;PAST;55.84;;
Farallon;S2P2;Plot 3;2024-12-02;8;Stephanocoenia intersepta;SINT;43.12;;
Farallon;S2P2;Plot 3;2025-04-14;8;Stephanocoenia intersepta;SINT;57.21;;
Farallon;S2P2;Plot 3;2025-06-23;8;Stephanocoenia intersepta;SINT;65.38;;
Farallon;S2P2;Plot 3;2025-10-18;8;Stephanocoenia intersepta;SINT;66.52;;
Farallon;S2P2;Plot 3;2026-05-08;8;Stephanocoenia intersepta;SINT;60.53;;
Farallon;S2P2;Plot 1;2024-12-02;9;Stephanocoenia intersepta;SINT;12.87;;
Farallon;S2P2;Plot 1;2025-04-14;9;Stephanocoenia intersepta;SINT;11.21;;
Farallon;S2P2;Plot 1;2025-06-23;9;Stephanocoenia intersepta;SINT;16.19;;
Farallon;S2P2;Plot 1;2025-10-18;9;Stephanocoenia intersepta;SINT;17.19;;
Farallon;S2P2;Plot 1;2025-12-01;9;Stephanocoenia intersepta;SINT;20.94;;
Farallon;S2P2;Plot 1;2026-05-08;9;Stephanocoenia intersepta;SINT;31.27;;
Farallon;S2P2;Plot 2;2024-12-02;9;Porites porites;PPOR;59.96;;
Farallon;S2P2;Plot 2;2025-04-14;9;Porites porites;PPOR;68.19;;
Farallon;S2P2;Plot 2;2025-06-23;9;Porites porites;PPOR;65.87;;
Farallon;S2P2;Plot 2;2026-05-08;9;Porites porites;PPOR;75.25;;
Farallon;S2P2;Plot 3;2024-12-02;9;Porites astreoides;PAST;15.39;;
Farallon;S2P2;Plot 3;2025-04-14;9;Porites astreoides;PAST;19.54;;
Farallon;S2P2;Plot 3;2025-06-23;9;Porites astreoides;PAST;24.48;;
Farallon;S2P2;Plot 3;2025-10-18;9;Porites astreoides;PAST;24.25;;
Farallon;S2P2;Plot 3;2026-05-08;9;Porites astreoides;PAST;29.59;;
Farallon;S2P2;Plot 1;2024-12-02;10;Porites astreoides;PAST;225.69;;
Farallon;S2P2;Plot 1;2025-04-14;10;Porites astreoides;PAST;205.8;;
Farallon;S2P2;Plot 1;2025-06-23;10;Porites astreoides;PAST;339.8;;
Farallon;S2P2;Plot 1;2025-10-18;10;Porites astreoides;PAST;394.51;;
Farallon;S2P2;Plot 1;2025-12-01;10;Porites astreoides;PAST;261.27;;
Farallon;S2P2;Plot 1;2026-05-08;10;Porites astreoides;PAST;363.42;;
Farallon;S2P2;Plot 2;2024-12-02;10;Porites astreoides;PAST;47.04;;
Farallon;S2P2;Plot 2;2025-04-14;10;Porites astreoides;PAST;26.77;;
Farallon;S2P2;Plot 2;2025-06-23;10;Porites astreoides;PAST;35.95;;
Farallon;S2P2;Plot 2;2026-05-08;10;Porites astreoides;PAST;50.84;;
Farallon;S2P2;Plot 3;2024-12-02;10;Porites astreoides;PAST;159.22;;
Farallon;S2P2;Plot 3;2025-04-14;10;Porites astreoides;PAST;181.73;;
Farallon;S2P2;Plot 3;2025-06-23;10;Porites astreoides;PAST;216.57;;
Farallon;S2P2;Plot 3;2025-10-18;10;Porites astreoides;PAST;203.11;;
Farallon;S2P2;Plot 3;2026-05-08;10;Porites astreoides;PAST;189.66;;
Farallon;S2P2;Plot 1;2024-12-02;11;Porites astreoides;PAST;31.76;;
Farallon;S2P2;Plot 1;2025-04-14;11;Porites astreoides;PAST;26.94;;
Farallon;S2P2;Plot 1;2025-06-23;11;Porites astreoides;PAST;36.19;;
Farallon;S2P2;Plot 1;2025-10-18;11;Porites astreoides;PAST;30.32;;
Farallon;S2P2;Plot 1;2025-12-01;11;Porites astreoides;PAST;26.46;;
Farallon;S2P2;Plot 1;2026-05-08;11;Porites astreoides;PAST;29.29;;
Farallon;S2P2;Plot 2;2024-12-02;11;Porites astreoides;PAST;63.66;;
Farallon;S2P2;Plot 2;2025-04-14;11;Porites astreoides;PAST;54.15;;
Farallon;S2P2;Plot 2;2025-06-23;11;Porites astreoides;PAST;67.46;;
Farallon;S2P2;Plot 2;2026-05-08;11;Porites astreoides;PAST;60.57;;
Farallon;S2P2;Plot 3;2024-12-02;11;Diploria labyrinthiformis;DLAB;242.3;;
Farallon;S2P2;Plot 3;2025-04-14;11;Diploria labyrinthiformis;DLAB;260.82;;
Farallon;S2P2;Plot 3;2025-06-23;11;Diploria labyrinthiformis;DLAB;271.17;;
Farallon;S2P2;Plot 3;2025-10-18;11;Diploria labyrinthiformis;DLAB;298.94;;
Farallon;S2P2;Plot 3;2026-05-08;11;Diploria labyrinthiformis;DLAB;291.86;;
Farallon;S2P2;Plot 1;2024-12-02;12;Porites astreoides;PAST;13.28;;
Farallon;S2P2;Plot 1;2025-04-14;12;Porites astreoides;PAST;21.77;;
Farallon;S2P2;Plot 1;2025-06-23;12;Porites astreoides;PAST;26.68;;
Farallon;S2P2;Plot 1;2025-10-18;12;Porites astreoides;PAST;32.82;;
Farallon;S2P2;Plot 1;2025-12-01;12;Porites astreoides;PAST;36.83;;
Farallon;S2P2;Plot 1;2026-05-08;12;Porites astreoides;PAST;36.58;;
Farallon;S2P2;Plot 2;2024-12-02;12;Porites astreoides;PAST;40.17;;
Farallon;S2P2;Plot 2;2025-04-14;12;Porites astreoides;PAST;76.25;;
Farallon;S2P2;Plot 2;2025-06-23;12;Porites astreoides;PAST;38.05;;
Farallon;S2P2;Plot 2;2026-05-08;12;Porites astreoides;PAST;119.99;;
Farallon;S2P2;Plot 3;2024-12-02;12;Porites astreoides;PAST;19.74;;
Farallon;S2P2;Plot 3;2025-04-14;12;Porites astreoides;PAST;16.49;;
Farallon;S2P2;Plot 3;2025-06-23;12;Porites astreoides;PAST;27.51;;
Farallon;S2P2;Plot 3;2025-10-18;12;Porites astreoides;PAST;24.27;;
Farallon;S2P2;Plot 3;2026-05-08;12;Porites astreoides;PAST;58.47;;
Farallon;S2P2;Plot 1;2024-12-02;13;Porites astreoides;PAST;240.47;;
Farallon;S2P2;Plot 1;2025-04-14;13;Porites astreoides;PAST;212.48;;
Farallon;S2P2;Plot 1;2025-06-23;13;Porites astreoides;PAST;234.07;;
Farallon;S2P2;Plot 1;2025-10-18;13;Porites astreoides;PAST;241.68;;
Farallon;S2P2;Plot 1;2025-12-01;13;Porites astreoides;PAST;216.34;;
Farallon;S2P2;Plot 1;2026-05-08;13;Porites astreoides;PAST;278.85;;
Farallon;S2P2;Plot 2;2024-12-02;13;Porites astreoides;PAST;208.41;;
Farallon;S2P2;Plot 2;2025-04-14;13;Porites astreoides;PAST;156.65;;
Farallon;S2P2;Plot 2;2025-06-23;13;Porites astreoides;PAST;185.43;;
Farallon;S2P2;Plot 2;2026-05-08;13;Porites astreoides;PAST;273.29;;
Farallon;S2P2;Plot 3;2024-12-02;13;Porites astreoides;PAST;123.84;;
Farallon;S2P2;Plot 3;2025-04-14;13;Porites astreoides;PAST;139.39;;
Farallon;S2P2;Plot 3;2025-06-23;13;Porites astreoides;PAST;174.49;;
Farallon;S2P2;Plot 3;2025-10-18;13;Porites astreoides;PAST;160.14;;
Farallon;S2P2;Plot 3;2026-05-08;13;Porites astreoides;PAST;157.54;;
Farallon;S2P2;Plot 1;2024-12-02;14;Siderastrea siderea;SSID;214.39;;
Farallon;S2P2;Plot 1;2025-04-14;14;Siderastrea siderea;SSID;254.55;;
Farallon;S2P2;Plot 1;2025-06-23;14;Siderastrea siderea;SSID;215.57;;
Farallon;S2P2;Plot 1;2025-10-18;14;Siderastrea siderea;SSID;328.47;;
Farallon;S2P2;Plot 1;2025-12-01;14;Siderastrea siderea;SSID;165.02;;
Farallon;S2P2;Plot 1;2026-05-08;14;Siderastrea siderea;SSID;279.36;;
Farallon;S2P2;Plot 2;2024-12-02;14;Porites astreoides;PAST;96.31;;
Farallon;S2P2;Plot 2;2025-04-14;14;Porites astreoides;PAST;64.26;;
Farallon;S2P2;Plot 2;2025-06-23;14;Porites astreoides;PAST;95.07;;
Farallon;S2P2;Plot 2;2026-05-08;14;Porites astreoides;PAST;85.96;;
Farallon;S2P2;Plot 3;2024-12-02;14;Porites astreoides;PAST;23.32;;
Farallon;S2P2;Plot 3;2025-04-14;14;Porites astreoides;PAST;20.49;;
Farallon;S2P2;Plot 3;2025-06-23;14;Porites astreoides;PAST;33.69;;
Farallon;S2P2;Plot 3;2025-10-18;14;Porites astreoides;PAST;47.29;;
Farallon;S2P2;Plot 3;2026-05-08;14;Porites astreoides;PAST;57.89;;
Farallon;S2P2;Plot 1;2024-12-02;15;Orbicella faveolata;OFAV;1235.88;;
Farallon;S2P2;Plot 1;2025-04-14;15;Orbicella faveolata;OFAV;1315.68;;
Farallon;S2P2;Plot 1;2025-06-23;15;Orbicella faveolata;OFAV;1398.41;;
Farallon;S2P2;Plot 1;2025-10-18;15;Orbicella faveolata;OFAV;1462.84;;
Farallon;S2P2;Plot 1;2025-12-01;15;Orbicella faveolata;OFAV;1298.28;;
Farallon;S2P2;Plot 1;2026-05-08;15;Orbicella faveolata;OFAV;1459.47;;
Farallon;S2P2;Plot 2;2024-12-02;15;Porites astreoides;PAST;140.33;;
Farallon;S2P2;Plot 2;2025-04-14;15;Porites astreoides;PAST;134.73;;
Farallon;S2P2;Plot 2;2025-06-23;15;Porites astreoides;PAST;154.16;;
Farallon;S2P2;Plot 2;2026-05-08;15;Porites astreoides;PAST;167.69;;
Farallon;S2P2;Plot 3;2024-12-02;15;Porites astreoides;PAST;20.45;;
Farallon;S2P2;Plot 3;2025-04-14;15;Porites astreoides;PAST;43.39;;
Farallon;S2P2;Plot 3;2025-06-23;15;Porites astreoides;PAST;47.71;;
Farallon;S2P2;Plot 3;2025-10-18;15;Porites astreoides;PAST;37.08;;
Farallon;S2P2;Plot 3;2026-05-08;15;Porites astreoides;PAST;48.03;;
Farallon;S2P2;Plot 1;2024-12-02;16;Porites astreoides;PAST;37.49;;
Farallon;S2P2;Plot 1;2025-04-14;16;Porites astreoides;PAST;39.43;;
Farallon;S2P2;Plot 1;2025-06-23;16;Porites astreoides;PAST;41.79;;
Farallon;S2P2;Plot 1;2025-10-18;16;Porites astreoides;PAST;46.0;;
Farallon;S2P2;Plot 1;2025-12-01;16;Porites astreoides;PAST;40.65;;
Farallon;S2P2;Plot 1;2026-05-08;16;Porites astreoides;PAST;44.74;;
Farallon;S2P2;Plot 2;2024-12-02;16;Stephanocoenia intersepta;SINT;135.69;;
Farallon;S2P2;Plot 2;2025-04-14;16;Stephanocoenia intersepta;SINT;106.16;;
Farallon;S2P2;Plot 2;2025-06-23;16;Stephanocoenia intersepta;SINT;129.48;;
Farallon;S2P2;Plot 2;2026-05-08;16;Stephanocoenia intersepta;SINT;164.97;;
Farallon;S2P2;Plot 3;2024-12-02;16;Stephanocoenia intersepta;SINT;10.2;;
Farallon;S2P2;Plot 3;2025-04-14;16;Stephanocoenia intersepta;SINT;13.42;;
Farallon;S2P2;Plot 3;2025-06-23;16;Stephanocoenia intersepta;SINT;19.72;;
Farallon;S2P2;Plot 3;2025-10-18;16;Stephanocoenia intersepta;SINT;17.13;;
Farallon;S2P2;Plot 1;2024-12-02;17;Porites astreoides;PAST;78.04;;
Farallon;S2P2;Plot 1;2025-04-14;17;Porites astreoides;PAST;71.93;;
Farallon;S2P2;Plot 1;2025-06-23;17;Porites astreoides;PAST;91.42;;
Farallon;S2P2;Plot 1;2025-10-18;17;Porites astreoides;PAST;76.32;;
Farallon;S2P2;Plot 1;2025-12-01;17;Porites astreoides;PAST;87.3;;
Farallon;S2P2;Plot 1;2026-05-08;17;Porites astreoides;PAST;73.5;;
Farallon;S2P2;Plot 2;2024-12-02;17;Colpophyllia natans;CNAT;46.89;;
Farallon;S2P2;Plot 2;2025-04-14;17;Colpophyllia natans;CNAT;29.37;;
Farallon;S2P2;Plot 2;2025-06-23;17;Colpophyllia natans;CNAT;34.4;;
Farallon;S2P2;Plot 2;2026-05-08;17;Colpophyllia natans;CNAT;55.92;;
Farallon;S2P2;Plot 3;2024-12-02;17;Porites astreoides;PAST;76.18;;
Farallon;S2P2;Plot 3;2025-04-14;17;Porites astreoides;PAST;94.55;;
Farallon;S2P2;Plot 3;2025-06-23;17;Porites astreoides;PAST;114.98;;
Farallon;S2P2;Plot 3;2025-10-18;17;Porites astreoides;PAST;115.19;;
Farallon;S2P2;Plot 3;2026-05-08;17;Porites astreoides;PAST;105.2;;
Farallon;S2P2;Plot 1;2024-12-02;18;Porites astreoides;PAST;126.54;;
Farallon;S2P2;Plot 1;2025-04-14;18;Porites astreoides;PAST;129.36;;
Farallon;S2P2;Plot 1;2025-06-23;18;Porites astreoides;PAST;154.39;;
Farallon;S2P2;Plot 1;2025-10-18;18;Porites astreoides;PAST;144.04;;
Farallon;S2P2;Plot 1;2025-12-01;18;Porites astreoides;PAST;168.12;;
Farallon;S2P2;Plot 1;2026-05-08;18;Porites astreoides;PAST;188.8;;
Farallon;S2P2;Plot 2;2025-04-14;18;Porites astreoides;PAST;9.72;;
Farallon;S2P2;Plot 2;2025-06-23;18;Porites astreoides;PAST;7.38;;
Farallon;S2P2;Plot 3;2024-12-02;18;Pseudodiploria clivosa;PCLI;116.71;;
Farallon;S2P2;Plot 3;2025-04-14;18;Pseudodiploria clivosa;PCLI;157.43;;
Farallon;S2P2;Plot 3;2025-06-23;18;Pseudodiploria clivosa;PCLI;166.94;;
Farallon;S2P2;Plot 3;2025-10-18;18;Pseudodiploria clivosa;PCLI;177.4;;
Farallon;S2P2;Plot 3;2026-05-08;18;Pseudodiploria clivosa;PCLI;195.99;;
Farallon;S2P2;Plot 1;2024-12-02;19;Porites astreoides;PAST;12.28;;
Farallon;S2P2;Plot 1;2025-04-14;19;Porites astreoides;PAST;11.3;;
Farallon;S2P2;Plot 1;2025-06-23;19;Porites astreoides;PAST;20.07;;
Farallon;S2P2;Plot 1;2025-10-18;19;Porites astreoides;PAST;13.43;;
Farallon;S2P2;Plot 1;2025-12-01;19;Porites astreoides;PAST;18.9;;
Farallon;S2P2;Plot 1;2026-05-08;19;Porites astreoides;PAST;12.34;;
Farallon;S2P2;Plot 3;2024-12-02;19;Porites astreoides;PAST;16.57;;
Farallon;S2P2;Plot 3;2025-04-14;19;Porites astreoides;PAST;17.3;;
Farallon;S2P2;Plot 3;2025-06-23;19;Porites astreoides;PAST;33.34;;
Farallon;S2P2;Plot 3;2025-10-18;19;Porites astreoides;PAST;10.75;;
Farallon;S2P2;Plot 3;2026-05-08;19;Porites astreoides;PAST;9.13;;
Farallon;S2P2;Plot 1;2024-12-02;20;Porites astreoides;PAST;161.63;;
Farallon;S2P2;Plot 1;2025-04-14;20;Porites astreoides;PAST;145.7;;
Farallon;S2P2;Plot 1;2025-06-23;20;Porites astreoides;PAST;153.36;;
Farallon;S2P2;Plot 1;2025-10-18;20;Porites astreoides;PAST;163.29;;
Farallon;S2P2;Plot 1;2025-12-01;20;Porites astreoides;PAST;138.76;;
Farallon;S2P2;Plot 1;2026-05-08;20;Porites astreoides;PAST;188.59;;
Farallon;S2P2;Plot 3;2024-12-02;20;Porites astreoides;PAST;48.0;;
Farallon;S2P2;Plot 3;2025-04-14;20;Porites astreoides;PAST;51.83;;
Farallon;S2P2;Plot 3;2025-06-23;20;Porites astreoides;PAST;89.23;;
Farallon;S2P2;Plot 3;2025-10-18;20;Porites astreoides;PAST;66.4;;
Farallon;S2P2;Plot 3;2026-05-08;20;Porites astreoides;PAST;106.01;;
Farallon;S2P2;Plot 1;2024-12-02;21;Porites astreoides;PAST;33.88;;
Farallon;S2P2;Plot 1;2025-04-14;21;Porites astreoides;PAST;22.43;;
Farallon;S2P2;Plot 1;2025-06-23;21;Porites astreoides;PAST;30.64;;
Farallon;S2P2;Plot 1;2025-10-18;21;Porites astreoides;PAST;29.82;;
Farallon;S2P2;Plot 1;2025-12-01;21;Porites astreoides;PAST;30.0;;
Farallon;S2P2;Plot 1;2026-05-08;21;Porites astreoides;PAST;33.22;;
Farallon;S2P2;Plot 3;2024-12-02;21;Porites astreoides;PAST;12.11;;
Farallon;S2P2;Plot 3;2025-04-14;21;Porites astreoides;PAST;17.89;;
Farallon;S2P2;Plot 3;2025-06-23;21;Porites astreoides;PAST;15.98;;
Farallon;S2P2;Plot 3;2025-10-18;21;Porites astreoides;PAST;6.21;;
Farallon;S2P2;Plot 3;2026-05-08;21;Porites astreoides;PAST;8.68;;
Farallon;S2P2;Plot 1;2024-12-02;22;Porites astreoides;PAST;26.69;;
Farallon;S2P2;Plot 1;2025-04-14;22;Porites astreoides;PAST;31.33;;
Farallon;S2P2;Plot 1;2025-06-23;22;Porites astreoides;PAST;37.63;;
Farallon;S2P2;Plot 1;2025-10-18;22;Porites astreoides;PAST;38.1;;
Farallon;S2P2;Plot 1;2025-12-01;22;Porites astreoides;PAST;40.16;;
Farallon;S2P2;Plot 1;2026-05-08;22;Porites astreoides;PAST;50.83;;
Farallon;S2P2;Plot 3;2024-12-02;22;Porites astreoides;PAST;31.72;;
Farallon;S2P2;Plot 3;2025-04-14;22;Porites astreoides;PAST;34.1;;
Farallon;S2P2;Plot 3;2025-06-23;22;Porites astreoides;PAST;36.96;;
Farallon;S2P2;Plot 3;2025-10-18;22;Porites astreoides;PAST;22.12;;
Farallon;S2P2;Plot 3;2026-05-08;22;Porites astreoides;PAST;24.95;;
Farallon;S2P2;Plot 1;2024-12-02;23;Colpophyllia natans;CNAT;28.79;;
Farallon;S2P2;Plot 1;2025-04-14;23;Colpophyllia natans;CNAT;29.07;;
Farallon;S2P2;Plot 1;2025-06-23;23;Colpophyllia natans;CNAT;37.91;;
Farallon;S2P2;Plot 1;2025-10-18;23;Colpophyllia natans;CNAT;36.6;;
Farallon;S2P2;Plot 1;2025-12-01;23;Colpophyllia natans;CNAT;38.41;;
Farallon;S2P2;Plot 1;2026-05-08;23;Colpophyllia natans;CNAT;34.92;;
Farallon;S2P2;Plot 3;2024-12-02;23;Porites astreoides;PAST;27.87;;
Farallon;S2P2;Plot 3;2025-04-14;23;Porites astreoides;PAST;31.68;;
Farallon;S2P2;Plot 3;2025-06-23;23;Porites astreoides;PAST;46.01;;
Farallon;S2P2;Plot 3;2025-10-18;23;Porites astreoides;PAST;35.89;;
Farallon;S2P2;Plot 3;2026-05-08;23;Porites astreoides;PAST;43.36;;
Farallon;S2P2;Plot 1;2024-12-02;24;Porites astreoides;PAST;58.85;;
Farallon;S2P2;Plot 1;2025-04-14;24;Porites astreoides;PAST;76.49;;
Farallon;S2P2;Plot 1;2025-06-23;24;Porites astreoides;PAST;103.4;;
Farallon;S2P2;Plot 1;2025-10-18;24;Porites astreoides;PAST;82.97;;
Farallon;S2P2;Plot 1;2025-12-01;24;Porites astreoides;PAST;89.82;;
Farallon;S2P2;Plot 1;2026-05-08;24;Porites astreoides;PAST;96.09;;
Farallon;S2P2;Plot 3;2024-12-02;24;Porites astreoides;PAST;28.49;;
Farallon;S2P2;Plot 3;2025-04-14;24;Porites astreoides;PAST;31.33;;
Farallon;S2P2;Plot 3;2025-06-23;24;Porites astreoides;PAST;34.76;;
Farallon;S2P2;Plot 3;2025-10-18;24;Porites astreoides;PAST;37.14;;
Farallon;S2P2;Plot 3;2026-05-08;24;Porites astreoides;PAST;26.05;;
Farallon;S2P2;Plot 1;2024-12-02;25;Porites astreoides;PAST;111.7;;
Farallon;S2P2;Plot 1;2025-04-14;25;Porites astreoides;PAST;114.51;;
Farallon;S2P2;Plot 1;2025-06-23;25;Porites astreoides;PAST;156.6;;
Farallon;S2P2;Plot 1;2025-10-18;25;Porites astreoides;PAST;131.89;;
Farallon;S2P2;Plot 1;2025-12-01;25;Porites astreoides;PAST;113.98;;
Farallon;S2P2;Plot 1;2026-05-08;25;Porites astreoides;PAST;75.24;;
Farallon;S2P2;Plot 3;2024-12-02;25;Orbicella faveolata;OFAV;67.27;;
Farallon;S2P2;Plot 3;2025-04-14;25;Orbicella faveolata;OFAV;71.61;;
Farallon;S2P2;Plot 3;2025-06-23;25;Orbicella faveolata;OFAV;83.92;;
Farallon;S2P2;Plot 3;2025-10-18;25;Orbicella faveolata;OFAV;94.29;;
Farallon;S2P2;Plot 3;2026-05-08;25;Orbicella faveolata;OFAV;81.17;;
Farallon;S2P2;Plot 1;2024-12-02;26;Porites astreoides;PAST;24.41;;
Farallon;S2P2;Plot 1;2025-04-14;26;Porites astreoides;PAST;30.73;;
Farallon;S2P2;Plot 1;2025-06-23;26;Porites astreoides;PAST;41.49;;
Farallon;S2P2;Plot 1;2025-10-18;26;Porites astreoides;PAST;50.68;;
Farallon;S2P2;Plot 1;2025-12-01;26;Porites astreoides;PAST;34.78;;
Farallon;S2P2;Plot 1;2026-05-08;26;Porites astreoides;PAST;39.94;;
Farallon;S2P2;Plot 3;2024-12-02;26;Stephanocoenia intersepta;SINT;13.79;;
Farallon;S2P2;Plot 3;2025-04-14;26;Stephanocoenia intersepta;SINT;15.38;;
Farallon;S2P2;Plot 3;2025-06-23;26;Stephanocoenia intersepta;SINT;18.26;;
Farallon;S2P2;Plot 3;2025-10-18;26;Stephanocoenia intersepta;SINT;21.76;;
Farallon;S2P2;Plot 3;2026-05-08;26;Stephanocoenia intersepta;SINT;20.85;;
Farallon;S2P2;Plot 1;2024-12-02;27;Porites astreoides;PAST;29.99;;
Farallon;S2P2;Plot 1;2025-04-14;27;Porites astreoides;PAST;35.68;;
Farallon;S2P2;Plot 1;2025-06-23;27;Porites astreoides;PAST;47.37;;
Farallon;S2P2;Plot 1;2025-10-18;27;Porites astreoides;PAST;43.1;;
Farallon;S2P2;Plot 1;2025-12-01;27;Porites astreoides;PAST;53.49;;
Farallon;S2P2;Plot 1;2026-05-08;27;Porites astreoides;PAST;55.68;;
Farallon;S2P2;Plot 3;2024-12-02;27;Porites astreoides;PAST;31.12;;
Farallon;S2P2;Plot 3;2025-04-14;27;Porites astreoides;PAST;39.09;;
Farallon;S2P2;Plot 3;2025-06-23;27;Porites astreoides;PAST;54.01;;
Farallon;S2P2;Plot 3;2025-10-18;27;Porites astreoides;PAST;65.34;;
Farallon;S2P2;Plot 3;2026-05-08;27;Porites astreoides;PAST;77.08;;
Farallon;S2P2;Plot 1;2024-12-02;28;Siderastrea siderea;SSID;53.11;;
Farallon;S2P2;Plot 1;2025-04-14;28;Siderastrea siderea;SSID;61.82;;
Farallon;S2P2;Plot 1;2025-06-23;28;Siderastrea siderea;SSID;86.71;;
Farallon;S2P2;Plot 1;2025-10-18;28;Siderastrea siderea;SSID;69.48;;
Farallon;S2P2;Plot 1;2025-12-01;28;Siderastrea siderea;SSID;75.93;;
Farallon;S2P2;Plot 1;2026-05-08;28;Siderastrea siderea;SSID;77.03;;
Farallon;S2P2;Plot 3;2024-12-02;28;Porites astreoides;PAST;5.88;;
Farallon;S2P2;Plot 3;2025-04-14;28;Porites astreoides;PAST;6.67;;
Farallon;S2P2;Plot 3;2025-06-23;28;Porites astreoides;PAST;8.78;;
Farallon;S2P2;Plot 1;2024-12-02;29;Porites astreoides;PAST;132.43;;
Farallon;S2P2;Plot 1;2025-04-14;29;Porites astreoides;PAST;148.22;;
Farallon;S2P2;Plot 1;2025-06-23;29;Porites astreoides;PAST;196.04;;
Farallon;S2P2;Plot 1;2025-10-18;29;Porites astreoides;PAST;175.3;;
Farallon;S2P2;Plot 1;2025-12-01;29;Porites astreoides;PAST;144.19;;
Farallon;S2P2;Plot 1;2026-05-08;29;Porites astreoides;PAST;166.77;;
Farallon;S2P2;Plot 3;2024-12-02;29;Siderastrea radians;SRAD;26.41;;
Farallon;S2P2;Plot 3;2025-04-14;29;Siderastrea radians;SRAD;32.65;;
Farallon;S2P2;Plot 3;2025-06-23;29;Siderastrea radians;SRAD;25.31;;
Farallon;S2P2;Plot 3;2025-10-18;29;Siderastrea radians;SRAD;29.87;;
Farallon;S2P2;Plot 3;2026-05-08;29;Siderastrea radians;SRAD;68.12;;
Farallon;S2P2;Plot 1;2024-12-02;30;Porites astreoides;PAST;25.79;;
Farallon;S2P2;Plot 1;2025-04-14;30;Porites astreoides;PAST;22.48;;
Farallon;S2P2;Plot 1;2025-06-23;30;Porites astreoides;PAST;31.65;;
Farallon;S2P2;Plot 1;2025-10-18;30;Porites astreoides;PAST;21.96;;
Farallon;S2P2;Plot 1;2025-10-18;30;Porites astreoides;PAST;3.86;;
Farallon;S2P2;Plot 1;2025-12-01;30;Porites astreoides;PAST;5.27;;
Farallon;S2P2;Plot 1;2025-12-01;30;Porites astreoides;PAST;15.78;;
Farallon;S2P2;Plot 1;2026-05-08;30;Porites astreoides;PAST;5.45;;
Farallon;S2P2;Plot 1;2026-05-08;30;Porites astreoides;PAST;30.11;;
Farallon;S2P2;Plot 3;2024-12-02;30;Porites astreoides;PAST;39.38;;
Farallon;S2P2;Plot 3;2025-04-14;30;Porites astreoides;PAST;60.38;;
Farallon;S2P2;Plot 3;2025-06-23;30;Porites astreoides;PAST;82.66;;
Farallon;S2P2;Plot 3;2025-10-18;30;Porites astreoides;PAST;49.01;;
Farallon;S2P2;Plot 3;2026-05-08;30;Porites astreoides;PAST;66.22;;
Farallon;S2P2;Plot 1;2024-12-02;31;Porites astreoides;PAST;116.46;;
Farallon;S2P2;Plot 1;2024-12-02;31;Porites astreoides;PAST;8.14;;
Farallon;S2P2;Plot 1;2025-04-14;31;Porites astreoides;PAST;110.84;;
Farallon;S2P2;Plot 1;2025-04-14;31;Porites astreoides;PAST;6.86;;
Farallon;S2P2;Plot 1;2025-06-23;31;Porites astreoides;PAST;118.62;;
Farallon;S2P2;Plot 1;2025-06-23;31;Porites astreoides;PAST;12.21;;
Farallon;S2P2;Plot 1;2025-10-18;31;Porites astreoides;PAST;11.85;;
Farallon;S2P2;Plot 1;2025-10-18;31;Porites astreoides;PAST;144.87;;
Farallon;S2P2;Plot 1;2025-12-01;31;Porites astreoides;PAST;156.7;;
Farallon;S2P2;Plot 1;2026-05-08;31;Porites astreoides;PAST;173.73;;
Farallon;S2P2;Plot 3;2024-12-02;31;Siderastrea siderea;SSID;195.9;;
Farallon;S2P2;Plot 3;2025-04-14;31;Siderastrea siderea;SSID;239.12;;
Farallon;S2P2;Plot 3;2025-06-23;31;Siderastrea siderea;SSID;306.36;;
Farallon;S2P2;Plot 3;2025-10-18;31;Siderastrea siderea;SSID;265.24;;
Farallon;S2P2;Plot 3;2026-05-08;31;Siderastrea siderea;SSID;251.29;;
Farallon;S2P2;Plot 1;2024-12-02;32;Porites astreoides;PAST;197.92;;
Farallon;S2P2;Plot 1;2024-12-02;32;Porites astreoides;PAST;48.46;;
Farallon;S2P2;Plot 1;2025-04-14;32;Porites astreoides;PAST;186.62;;
Farallon;S2P2;Plot 1;2025-04-14;32;Porites astreoides;PAST;44.19;;
Farallon;S2P2;Plot 1;2025-06-23;32;Porites astreoides;PAST;206.63;;
Farallon;S2P2;Plot 1;2025-06-23;32;Porites astreoides;PAST;59.16;;
Farallon;S2P2;Plot 1;2025-10-18;32;Porites astreoides;PAST;55.38;;
Farallon;S2P2;Plot 1;2025-10-18;32;Porites astreoides;PAST;201.11;;
Farallon;S2P2;Plot 1;2025-12-01;32;Porites astreoides;PAST;194.2;;
Farallon;S2P2;Plot 1;2025-12-01;32;Porites astreoides;PAST;63.93;;
Farallon;S2P2;Plot 1;2026-05-08;32;Porites astreoides;PAST;224.3;;
Farallon;S2P2;Plot 1;2026-05-08;32;Porites astreoides;PAST;67.18;;
Farallon;S2P2;Plot 3;2024-12-02;32;Stephanocoenia intersepta;SINT;35.11;;
Farallon;S2P2;Plot 3;2025-04-14;32;Stephanocoenia intersepta;SINT;34.49;;
Farallon;S2P2;Plot 3;2025-06-23;32;Stephanocoenia intersepta;SINT;55.54;;
Farallon;S2P2;Plot 3;2025-10-18;32;Stephanocoenia intersepta;SINT;43.99;;
Farallon;S2P2;Plot 3;2026-05-08;32;Stephanocoenia intersepta;SINT;27.8;;
Farallon;S2P2;Plot 1;2024-12-02;33;Porites astreoides;PAST;63.16;;
Farallon;S2P2;Plot 1;2025-04-14;33;Porites astreoides;PAST;67.19;;
Farallon;S2P2;Plot 1;2025-06-23;33;Porites astreoides;PAST;83.23;;
Farallon;S2P2;Plot 1;2025-10-18;33;Porites astreoides;PAST;84.37;;
Farallon;S2P2;Plot 1;2025-12-01;33;Porites astreoides;PAST;92.01;;
Farallon;S2P2;Plot 1;2026-05-08;33;Porites astreoides;PAST;99.27;;
Farallon;S2P2;Plot 3;2024-12-02;33;Porites astreoides;PAST;19.96;;
Farallon;S2P2;Plot 3;2025-04-14;33;Porites astreoides;PAST;28.19;;
Farallon;S2P2;Plot 3;2025-06-23;33;Porites astreoides;PAST;31.33;;
Farallon;S2P2;Plot 3;2025-10-18;33;Porites astreoides;PAST;31.96;;
Farallon;S2P2;Plot 3;2026-05-08;33;Porites astreoides;PAST;34.2;;
Farallon;S2P2;Plot 1;2024-12-02;34;Porites astreoides;PAST;11.14;;
Farallon;S2P2;Plot 1;2024-12-02;34;Porites astreoides;PAST;83.27;;
Farallon;S2P2;Plot 1;2025-04-14;34;Porites astreoides;PAST;78.16;;
Farallon;S2P2;Plot 1;2025-04-14;34;Porites astreoides;PAST;13.46;;
Farallon;S2P2;Plot 1;2025-06-23;34;Porites astreoides;PAST;97.0;;
Farallon;S2P2;Plot 1;2025-06-23;34;Porites astreoides;PAST;14.52;;
Farallon;S2P2;Plot 1;2025-10-18;34;Porites astreoides;PAST;19.77;;
Farallon;S2P2;Plot 1;2025-10-18;34;Porites astreoides;PAST;82.25;;
Farallon;S2P2;Plot 1;2025-12-01;34;Porites astreoides;PAST;110.63;;
Farallon;S2P2;Plot 1;2026-05-08;34;Porites astreoides;PAST;112.89;;
Farallon;S2P2;Plot 3;2024-12-02;34;Porites astreoides;PAST;31.43;;
Farallon;S2P2;Plot 3;2024-12-02;34;Porites astreoides;PAST;5.66;;
Farallon;S2P2;Plot 3;2025-04-14;34;Porites astreoides;PAST;43.99;;
Farallon;S2P2;Plot 3;2025-06-23;34;Porites astreoides;PAST;59.67;;
Farallon;S2P2;Plot 3;2025-10-18;34;Porites astreoides;PAST;52.57;;
Farallon;S2P2;Plot 3;2026-05-08;34;Porites astreoides;PAST;67.03;;
Farallon;S2P2;Plot 1;2024-12-02;35;Porites astreoides;PAST;12.34;;
Farallon;S2P2;Plot 1;2025-04-14;35;Porites astreoides;PAST;13.58;;
Farallon;S2P2;Plot 1;2025-06-23;35;Porites astreoides;PAST;21.13;;
Farallon;S2P2;Plot 1;2025-10-18;35;Porites astreoides;PAST;21.1;;
Farallon;S2P2;Plot 1;2025-12-01;35;Porites astreoides;PAST;24.41;;
Farallon;S2P2;Plot 1;2026-05-08;35;Porites astreoides;PAST;24.13;;
Farallon;S2P2;Plot 3;2024-12-02;35;Porites astreoides;PAST;24.61;;
Farallon;S2P2;Plot 3;2025-04-14;35;Porites astreoides;PAST;25.45;;
Farallon;S2P2;Plot 3;2025-06-23;35;Porites astreoides;PAST;18.97;;
Farallon;S2P2;Plot 3;2025-10-18;35;Porites astreoides;PAST;41.39;;
Farallon;S2P2;Plot 3;2026-05-08;35;Porites astreoides;PAST;61.41;;
Farallon;S2P2;Plot 1;2024-12-02;36;Colpophyllia natans;CNAT;16.76;;
Farallon;S2P2;Plot 1;2025-04-14;36;Colpophyllia natans;CNAT;13.24;;
Farallon;S2P2;Plot 1;2025-06-23;36;Colpophyllia natans;CNAT;26.38;;
Farallon;S2P2;Plot 1;2025-10-18;36;Colpophyllia natans;CNAT;22.31;;
Farallon;S2P2;Plot 1;2025-12-01;36;Colpophyllia natans;CNAT;11.51;;
Farallon;S2P2;Plot 1;2026-05-08;36;Colpophyllia natans;CNAT;35.01;;
Farallon;S2P2;Plot 3;2024-12-02;36;Porites astreoides;PAST;244.19;;
Farallon;S2P2;Plot 3;2025-04-14;36;Porites astreoides;PAST;267.07;;
Farallon;S2P2;Plot 3;2025-06-23;36;Porites astreoides;PAST;333.76;;
Farallon;S2P2;Plot 3;2025-10-18;36;Porites astreoides;PAST;301.47;;
Farallon;S2P2;Plot 3;2026-05-08;36;Porites astreoides;PAST;300.98;;
Farallon;S2P2;Plot 1;2024-12-02;37;Stephanocoenia intersepta;SINT;42.97;;
Farallon;S2P2;Plot 1;2025-04-14;37;Stephanocoenia intersepta;SINT;31.62;;
Farallon;S2P2;Plot 1;2025-06-23;37;Stephanocoenia intersepta;SINT;45.53;;
Farallon;S2P2;Plot 1;2025-10-18;37;Stephanocoenia intersepta;SINT;54.51;;
Farallon;S2P2;Plot 1;2025-12-01;37;Stephanocoenia intersepta;SINT;40.39;;
Farallon;S2P2;Plot 1;2026-05-08;37;Stephanocoenia intersepta;SINT;48.88;;
Farallon;S2P2;Plot 3;2024-12-02;37;Porites astreoides;PAST;13.48;;
Farallon;S2P2;Plot 3;2025-04-14;37;Porites astreoides;PAST;21.56;;
Farallon;S2P2;Plot 3;2025-06-23;37;Porites astreoides;PAST;22.0;;
Farallon;S2P2;Plot 3;2025-10-18;37;Porites astreoides;PAST;32.72;;
Farallon;S2P2;Plot 3;2026-05-08;37;Porites astreoides;PAST;38.7;;
Farallon;S2P2;Plot 1;2024-12-02;38;Pseudodiploria strigosa;PSTR;7.24;;
Farallon;S2P2;Plot 1;2025-04-14;38;Pseudodiploria strigosa;PSTR;6.31;;
Farallon;S2P2;Plot 1;2025-06-23;38;Pseudodiploria strigosa;PSTR;4.54;;
Farallon;S2P2;Plot 1;2025-10-18;38;Pseudodiploria strigosa;PSTR;7.68;;
Farallon;S2P2;Plot 1;2025-12-01;38;Pseudodiploria strigosa;PSTR;8.81;;
Farallon;S2P2;Plot 1;2026-05-08;38;Pseudodiploria strigosa;PSTR;13.56;;
Farallon;S2P2;Plot 3;2024-12-02;38;Porites astreoides;PAST;309.06;;
Farallon;S2P2;Plot 3;2025-04-14;38;Porites astreoides;PAST;338.31;;
Farallon;S2P2;Plot 3;2025-06-23;38;Porites astreoides;PAST;357.88;;
Farallon;S2P2;Plot 3;2025-10-18;38;Porites astreoides;PAST;163.18;;
Farallon;S2P2;Plot 3;2026-05-08;38;Porites astreoides;PAST;338.73;;
Farallon;S2P2;Plot 1;2024-12-02;39;Porites astreoides;PAST;28.47;;
Farallon;S2P2;Plot 1;2025-04-14;39;Porites astreoides;PAST;28.42;;
Farallon;S2P2;Plot 1;2025-06-23;39;Porites astreoides;PAST;36.22;;
Farallon;S2P2;Plot 1;2025-10-18;39;Porites astreoides;PAST;20.56;;
Farallon;S2P2;Plot 1;2025-12-01;39;Porites astreoides;PAST;42.09;;
Farallon;S2P2;Plot 1;2026-05-08;39;Porites astreoides;PAST;49.12;;
Farallon;S2P2;Plot 3;2024-12-02;39;Porites astreoides;PAST;54.61;;
Farallon;S2P2;Plot 3;2025-04-14;39;Porites astreoides;PAST;90.3;;
Farallon;S2P2;Plot 3;2025-06-23;39;Porites astreoides;PAST;82.58;;
Farallon;S2P2;Plot 3;2025-10-18;39;Porites astreoides;PAST;75.4;;
Farallon;S2P2;Plot 3;2026-05-08;39;Porites astreoides;PAST;86.43;;
Farallon;S2P2;Plot 1;2024-12-02;40;Siderastrea siderea;SSID;392.22;;
Farallon;S2P2;Plot 1;2025-04-14;40;Siderastrea siderea;SSID;404.1;;
Farallon;S2P2;Plot 1;2025-06-23;40;Siderastrea siderea;SSID;492.61;;
Farallon;S2P2;Plot 1;2025-10-18;40;Siderastrea siderea;SSID;487.31;;
Farallon;S2P2;Plot 1;2025-12-01;40;Siderastrea siderea;SSID;462.83;;
Farallon;S2P2;Plot 1;2026-05-08;40;Siderastrea siderea;SSID;532.38;;
Farallon;S2P2;Plot 3;2024-12-02;40;Stephanocoenia intersepta;SINT;40.56;;
Farallon;S2P2;Plot 3;2024-12-02;40;Stephanocoenia intersepta;SINT;28.67;;
Farallon;S2P2;Plot 3;2025-04-14;40;Stephanocoenia intersepta;SINT;86.27;;
Farallon;S2P2;Plot 3;2025-06-23;40;Stephanocoenia intersepta;SINT;104.98;;
Farallon;S2P2;Plot 3;2025-10-18;40;Stephanocoenia intersepta;SINT;90.74;;
Farallon;S2P2;Plot 3;2026-05-08;40;Stephanocoenia intersepta;SINT;92.25;;
Farallon;S2P2;Plot 1;2024-12-02;41;Porites astreoides;PAST;216.31;;
Farallon;S2P2;Plot 1;2025-04-14;41;Porites astreoides;PAST;216.72;;
Farallon;S2P2;Plot 1;2025-06-23;41;Porites astreoides;PAST;259.62;;
Farallon;S2P2;Plot 1;2025-10-18;41;Porites astreoides;PAST;262.03;;
Farallon;S2P2;Plot 1;2025-12-01;41;Porites astreoides;PAST;262.54;;
Farallon;S2P2;Plot 1;2026-05-08;41;Porites astreoides;PAST;255.57;;
Farallon;S2P2;Plot 3;2024-12-02;41;Stephanocoenia intersepta;SINT;139.23;;
Farallon;S2P2;Plot 3;2025-04-14;41;Stephanocoenia intersepta;SINT;73.09;;
Farallon;S2P2;Plot 3;2025-06-23;41;Stephanocoenia intersepta;SINT;159.3;;
Farallon;S2P2;Plot 3;2025-10-18;41;Stephanocoenia intersepta;SINT;161.85;;
Farallon;S2P2;Plot 3;2026-05-08;41;Stephanocoenia intersepta;SINT;191.96;;
Farallon;S2P2;Plot 1;2024-12-02;42;Pseudodiploria strigosa;PSTR;12.44;;
Farallon;S2P2;Plot 1;2025-04-14;42;Pseudodiploria strigosa;PSTR;11.02;;
Farallon;S2P2;Plot 3;2024-12-02;42;Porites astreoides;PAST;20.96;;
Farallon;S2P2;Plot 3;2025-04-14;42;Porites astreoides;PAST;25.24;;
Farallon;S2P2;Plot 3;2025-06-23;42;Porites astreoides;PAST;32.24;;
Farallon;S2P2;Plot 3;2025-10-18;42;Porites astreoides;PAST;26.67;;
Farallon;S2P2;Plot 1;2024-12-02;43;Porites astreoides;PAST;14.01;;
Farallon;S2P2;Plot 1;2025-04-14;43;Porites astreoides;PAST;23.52;;
Farallon;S2P2;Plot 1;2025-06-23;43;Porites astreoides;PAST;24.97;;
Farallon;S2P2;Plot 1;2025-10-18;43;Porites astreoides;PAST;46.96;;
Farallon;S2P2;Plot 1;2025-12-01;43;Porites astreoides;PAST;35.24;;
Farallon;S2P2;Plot 1;2025-12-01;43;Porites astreoides;PAST;29.98;;
Farallon;S2P2;Plot 1;2026-05-08;43;Porites astreoides;PAST;53.65;;
Farallon;S2P2;Plot 1;2026-05-08;43;Porites astreoides;PAST;31.59;;
Farallon;S2P2;Plot 3;2024-12-02;43;Porites astreoides;PAST;135.18;;
Farallon;S2P2;Plot 3;2025-04-14;43;Porites astreoides;PAST;151.29;;
Farallon;S2P2;Plot 3;2025-06-23;43;Porites astreoides;PAST;186.97;;
Farallon;S2P2;Plot 3;2025-10-18;43;Porites astreoides;PAST;186.9;;
Farallon;S2P2;Plot 3;2026-05-08;43;Porites astreoides;PAST;190.12;;
Farallon;S2P2;Plot 1;2024-12-02;44;Pseudodiploria strigosa;PSTR;39.62;;
Farallon;S2P2;Plot 1;2025-04-14;44;Pseudodiploria strigosa;PSTR;31.17;;
Farallon;S2P2;Plot 1;2025-06-23;44;Pseudodiploria strigosa;PSTR;35.2;;
Farallon;S2P2;Plot 1;2025-10-18;44;Pseudodiploria strigosa;PSTR;44.98;;
Farallon;S2P2;Plot 1;2025-12-01;44;Pseudodiploria strigosa;PSTR;54.4;;
Farallon;S2P2;Plot 1;2026-05-08;44;Pseudodiploria strigosa;PSTR;56.79;;
Farallon;S2P2;Plot 3;2024-12-02;44;Porites astreoides;PAST;11.51;;
Farallon;S2P2;Plot 3;2025-04-14;44;Porites astreoides;PAST;17.04;;
Farallon;S2P2;Plot 3;2025-06-23;44;Porites astreoides;PAST;27.67;;
Farallon;S2P2;Plot 3;2025-10-18;44;Porites astreoides;PAST;20.53;;
Farallon;S2P2;Plot 3;2026-05-08;44;Porites astreoides;PAST;28.51;;
Farallon;S2P2;Plot 1;2024-12-02;45;Porites astreoides;PAST;17.38;;
Farallon;S2P2;Plot 1;2024-12-02;45;Porites astreoides;PAST;74.82;;
Farallon;S2P2;Plot 1;2025-04-14;45;Porites astreoides;PAST;92.76;;
Farallon;S2P2;Plot 1;2025-04-14;45;Porites astreoides;PAST;20.36;;
Farallon;S2P2;Plot 1;2025-06-23;45;Porites astreoides;PAST;22.54;;
Farallon;S2P2;Plot 1;2025-06-23;45;Porites astreoides;PAST;122.62;;
Farallon;S2P2;Plot 1;2025-10-18;45;Porites astreoides;PAST;89.93;;
Farallon;S2P2;Plot 1;2025-10-18;45;Porites astreoides;PAST;24.9;;
Farallon;S2P2;Plot 1;2025-10-18;45;Porites astreoides;PAST;11.84;;
Farallon;S2P2;Plot 1;2025-12-01;45;Porites astreoides;PAST;163.73;;
Farallon;S2P2;Plot 1;2026-05-08;45;Porites astreoides;PAST;149.58;;
Farallon;S2P2;Plot 3;2024-12-02;45;Porites astreoides;PAST;8.75;;
Farallon;S2P2;Plot 3;2025-04-14;45;Porites astreoides;PAST;9.33;;
Farallon;S2P2;Plot 3;2025-06-23;45;Porites astreoides;PAST;9.01;;
Farallon;S2P2;Plot 3;2025-10-18;45;Porites astreoides;PAST;13.08;;
Farallon;S2P2;Plot 3;2026-05-08;45;Porites astreoides;PAST;12.4;;
Farallon;S2P2;Plot 1;2024-12-02;46;Porites astreoides;PAST;55.02;;
Farallon;S2P2;Plot 1;2025-04-14;46;Porites astreoides;PAST;49.4;;
Farallon;S2P2;Plot 1;2025-06-23;46;Porites astreoides;PAST;66.17;;
Farallon;S2P2;Plot 1;2025-10-18;46;Porites astreoides;PAST;64.44;;
Farallon;S2P2;Plot 1;2025-12-01;46;Porites astreoides;PAST;77.13;;
Farallon;S2P2;Plot 1;2026-05-08;46;Porites astreoides;PAST;80.93;;
Farallon;S2P2;Plot 3;2024-12-02;46;Porites astreoides;PAST;25.88;;
Farallon;S2P2;Plot 3;2025-04-14;46;Porites astreoides;PAST;28.08;;
Farallon;S2P2;Plot 3;2025-06-23;46;Porites astreoides;PAST;42.71;;
Farallon;S2P2;Plot 3;2025-10-18;46;Porites astreoides;PAST;37.7;;
Farallon;S2P2;Plot 3;2026-05-08;46;Porites astreoides;PAST;42.39;;
Farallon;S2P2;Plot 1;2024-12-02;47;Porites astreoides;PAST;164.23;;
Farallon;S2P2;Plot 1;2025-04-14;47;Porites astreoides;PAST;123.53;;
Farallon;S2P2;Plot 1;2025-06-23;47;Porites astreoides;PAST;214.42;;
Farallon;S2P2;Plot 1;2025-10-18;47;Porites astreoides;PAST;185.17;;
Farallon;S2P2;Plot 1;2025-12-01;47;Porites astreoides;PAST;150.09;;
Farallon;S2P2;Plot 1;2026-05-08;47;Porites astreoides;PAST;242.04;;
Farallon;S2P2;Plot 3;2024-12-02;47;Porites astreoides;PAST;21.1;;
Farallon;S2P2;Plot 3;2025-04-14;47;Porites astreoides;PAST;30.21;;
Farallon;S2P2;Plot 3;2025-06-23;47;Porites astreoides;PAST;32.95;;
Farallon;S2P2;Plot 3;2025-10-18;47;Porites astreoides;PAST;48.38;;
Farallon;S2P2;Plot 3;2026-05-08;47;Porites astreoides;PAST;46.8;;
Farallon;S2P2;Plot 1;2024-12-02;48;Porites astreoides;PAST;131.96;;
Farallon;S2P2;Plot 1;2025-04-14;48;Porites astreoides;PAST;143.71;;
Farallon;S2P2;Plot 1;2025-06-23;48;Porites astreoides;PAST;173.69;;
Farallon;S2P2;Plot 1;2025-10-18;48;Porites astreoides;PAST;159.32;;
Farallon;S2P2;Plot 1;2025-12-01;48;Porites astreoides;PAST;123.4;;
Farallon;S2P2;Plot 1;2026-05-08;48;Porites astreoides;PAST;147.71;;
Farallon;S2P2;Plot 3;2024-12-02;48;Porites astreoides;PAST;25.81;;
Farallon;S2P2;Plot 3;2025-04-14;48;Porites astreoides;PAST;34.52;;
Farallon;S2P2;Plot 3;2025-06-23;48;Porites astreoides;PAST;35.19;;
Farallon;S2P2;Plot 3;2025-10-18;48;Porites astreoides;PAST;45.7;;
Farallon;S2P2;Plot 3;2026-05-08;48;Porites astreoides;PAST;48.73;;
Farallon;S2P2;Plot 1;2024-12-02;49;Porites astreoides;PAST;156.76;;
Farallon;S2P2;Plot 1;2025-04-14;49;Porites astreoides;PAST;141.84;;
Farallon;S2P2;Plot 1;2025-06-23;49;Porites astreoides;PAST;235.88;;
Farallon;S2P2;Plot 1;2025-10-18;49;Porites astreoides;PAST;143.82;;
Farallon;S2P2;Plot 1;2025-12-01;49;Porites astreoides;PAST;218.46;;
Farallon;S2P2;Plot 1;2026-05-08;49;Porites astreoides;PAST;185.79;;
Farallon;S2P2;Plot 3;2024-12-02;49;Porites astreoides;PAST;7.23;;
Farallon;S2P2;Plot 3;2025-04-14;49;Porites astreoides;PAST;18.04;;
Farallon;S2P2;Plot 3;2025-06-23;49;Porites astreoides;PAST;10.04;;
Farallon;S2P2;Plot 3;2025-10-18;49;Porites astreoides;PAST;13.5;;
Farallon;S2P2;Plot 3;2026-05-08;49;Porites astreoides;PAST;19.54;;
Farallon;S2P2;Plot 1;2024-12-02;50;Stephanocoenia intersepta;SINT;29.37;;
Farallon;S2P2;Plot 1;2025-04-14;50;Stephanocoenia intersepta;SINT;32.22;;
Farallon;S2P2;Plot 1;2025-06-23;50;Stephanocoenia intersepta;SINT;40.99;;
Farallon;S2P2;Plot 1;2025-10-18;50;Stephanocoenia intersepta;SINT;38.07;;
Farallon;S2P2;Plot 1;2025-12-01;50;Stephanocoenia intersepta;SINT;37.32;;
Farallon;S2P2;Plot 1;2026-05-08;50;Stephanocoenia intersepta;SINT;39.02;;
Farallon;S2P2;Plot 3;2024-12-02;50;Porites astreoides;PAST;13.34;;
Farallon;S2P2;Plot 3;2025-04-14;50;Porites astreoides;PAST;14.82;;
Farallon;S2P2;Plot 3;2025-06-23;50;Porites astreoides;PAST;17.6;;
Farallon;S2P2;Plot 3;2025-10-18;50;Porites astreoides;PAST;20.25;;
Farallon;S2P2;Plot 3;2026-05-08;50;Porites astreoides;PAST;19.93;;
Farallon;S2P2;Plot 1;2024-12-02;51;Porites astreoides;PAST;1191.24;;
Farallon;S2P2;Plot 1;2025-04-14;51;Porites astreoides;PAST;1250.22;;
Farallon;S2P2;Plot 1;2025-06-23;51;Porites astreoides;PAST;1336.26;;
Farallon;S2P2;Plot 1;2025-10-18;51;Porites astreoides;PAST;1404.17;;
Farallon;S2P2;Plot 1;2025-12-01;51;Porites astreoides;PAST;1318.05;;
Farallon;S2P2;Plot 1;2026-05-08;51;Porites astreoides;PAST;1379.37;;
Farallon;S2P2;Plot 3;2024-12-02;51;Pseudodiploria strigosa;PSTR;58.56;;
Farallon;S2P2;Plot 3;2025-04-14;51;Pseudodiploria strigosa;PSTR;61.52;;
Farallon;S2P2;Plot 3;2025-06-23;51;Pseudodiploria strigosa;PSTR;64.2;;
Farallon;S2P2;Plot 3;2025-10-18;51;Pseudodiploria strigosa;PSTR;63.46;;
Farallon;S2P2;Plot 3;2026-05-08;51;Pseudodiploria strigosa;PSTR;49.46;;
Farallon;S2P2;Plot 1;2024-12-02;52;Stephanocoenia intersepta;SINT;73.09;;
Farallon;S2P2;Plot 1;2025-04-14;52;Stephanocoenia intersepta;SINT;76.04;;
Farallon;S2P2;Plot 1;2025-06-23;52;Stephanocoenia intersepta;SINT;92.31;;
Farallon;S2P2;Plot 1;2025-10-18;52;Stephanocoenia intersepta;SINT;92.47;;
Farallon;S2P2;Plot 1;2025-12-01;52;Stephanocoenia intersepta;SINT;76.32;;
Farallon;S2P2;Plot 1;2026-05-08;52;Stephanocoenia intersepta;SINT;82.18;;
Farallon;S2P2;Plot 3;2024-12-02;52;Porites astreoides;PAST;40.44;;
Farallon;S2P2;Plot 3;2025-04-14;52;Porites astreoides;PAST;48.35;;
Farallon;S2P2;Plot 3;2025-06-23;52;Porites astreoides;PAST;55.03;;
Farallon;S2P2;Plot 3;2025-10-18;52;Porites astreoides;PAST;65.26;;
Farallon;S2P2;Plot 3;2026-05-08;52;Porites astreoides;PAST;36.95;;
Farallon;S2P2;Plot 1;2024-12-02;53;Porites astreoides;PAST;121.82;;
Farallon;S2P2;Plot 1;2025-04-14;53;Porites astreoides;PAST;79.5;;
Farallon;S2P2;Plot 1;2025-06-23;53;Porites astreoides;PAST;145.71;;
Farallon;S2P2;Plot 1;2025-10-18;53;Porites astreoides;PAST;105.39;;
Farallon;S2P2;Plot 1;2025-12-01;53;Porites astreoides;PAST;114.84;;
Farallon;S2P2;Plot 1;2026-05-08;53;Porites astreoides;PAST;153.2;;
Farallon;S2P2;Plot 3;2024-12-02;53;Porites astreoides;PAST;25.99;;
Farallon;S2P2;Plot 3;2025-04-14;53;Porites astreoides;PAST;34.55;;
Farallon;S2P2;Plot 3;2025-06-23;53;Porites astreoides;PAST;36.1;;
Farallon;S2P2;Plot 3;2025-10-18;53;Porites astreoides;PAST;43.81;;
Farallon;S2P2;Plot 3;2026-05-08;53;Porites astreoides;PAST;50.57;;
Farallon;S2P2;Plot 1;2024-12-02;54;Stephanocoenia intersepta;SINT;47.64;;
Farallon;S2P2;Plot 1;2025-04-14;54;Stephanocoenia intersepta;SINT;42.2;;
Farallon;S2P2;Plot 1;2025-06-23;54;Stephanocoenia intersepta;SINT;44.55;;
Farallon;S2P2;Plot 1;2025-10-18;54;Stephanocoenia intersepta;SINT;72.27;;
Farallon;S2P2;Plot 1;2025-12-01;54;Stephanocoenia intersepta;SINT;52.31;;
Farallon;S2P2;Plot 1;2026-05-08;54;Stephanocoenia intersepta;SINT;45.26;;
Farallon;S2P2;Plot 3;2024-12-02;54;Porites astreoides;PAST;49.56;;
Farallon;S2P2;Plot 3;2025-04-14;54;Porites astreoides;PAST;63.65;;
Farallon;S2P2;Plot 3;2025-06-23;54;Porites astreoides;PAST;97.26;;
Farallon;S2P2;Plot 3;2025-10-18;54;Porites astreoides;PAST;75.8;;
Farallon;S2P2;Plot 3;2026-05-08;54;Porites astreoides;PAST;86.12;;
Farallon;S2P2;Plot 1;2024-12-02;55;Colpophyllia natans;CNAT;15.47;;
Farallon;S2P2;Plot 1;2025-04-14;55;Colpophyllia natans;CNAT;17.39;;
Farallon;S2P2;Plot 1;2025-06-23;55;Colpophyllia natans;CNAT;19.86;;
Farallon;S2P2;Plot 1;2025-10-18;55;Colpophyllia natans;CNAT;22.36;;
Farallon;S2P2;Plot 1;2025-12-01;55;Colpophyllia natans;CNAT;22.02;;
Farallon;S2P2;Plot 3;2024-12-02;55;Porites astreoides;PAST;19.41;;
Farallon;S2P2;Plot 3;2025-04-14;55;Porites astreoides;PAST;6.01;;
Farallon;S2P2;Plot 3;2025-06-23;55;Porites astreoides;PAST;10.59;;
Farallon;S2P2;Plot 1;2024-12-02;56;Orbicella faveolata;OFAV;146.28;;
Farallon;S2P2;Plot 1;2025-04-14;56;Orbicella faveolata;OFAV;143.58;;
Farallon;S2P2;Plot 1;2025-06-23;56;Orbicella faveolata;OFAV;148.15;;
Farallon;S2P2;Plot 1;2025-10-18;56;Orbicella faveolata;OFAV;66.64;;
Farallon;S2P2;Plot 3;2024-12-02;56;Porites astreoides;PAST;34.78;;
Farallon;S2P2;Plot 3;2025-04-14;56;Porites astreoides;PAST;37.33;;
Farallon;S2P2;Plot 3;2025-06-23;56;Porites astreoides;PAST;49.64;;
Farallon;S2P2;Plot 3;2025-10-18;56;Porites astreoides;PAST;54.3;;
Farallon;S2P2;Plot 3;2026-05-08;56;Porites astreoides;PAST;27.7;;
Farallon;S2P2;Plot 1;2024-12-02;57;Porites astreoides;PAST;25.8;;
Farallon;S2P2;Plot 1;2025-04-14;57;Porites astreoides;PAST;42.12;;
Farallon;S2P2;Plot 1;2025-06-23;57;Porites astreoides;PAST;51.18;;
Farallon;S2P2;Plot 1;2025-10-18;57;Porites astreoides;PAST;53.04;;
Farallon;S2P2;Plot 1;2025-12-01;57;Porites astreoides;PAST;155.99;;
Farallon;S2P2;Plot 1;2026-05-08;57;Porites astreoides;PAST;166.51;;
Farallon;S2P2;Plot 3;2024-12-02;57;Pseudodiploria strigosa;PSTR;97.59;;
Farallon;S2P2;Plot 3;2025-04-14;57;Pseudodiploria strigosa;PSTR;91.65;;
Farallon;S2P2;Plot 3;2025-06-23;57;Pseudodiploria strigosa;PSTR;87.94;;
Farallon;S2P2;Plot 3;2025-10-18;57;Pseudodiploria strigosa;PSTR;136.36;;
Farallon;S2P2;Plot 3;2026-05-08;57;Pseudodiploria strigosa;PSTR;139.46;;
Farallon;S2P2;Plot 1;2024-12-02;58;Porites astreoides;PAST;172.67;;
Farallon;S2P2;Plot 1;2025-04-14;58;Porites astreoides;PAST;155.08;;
Farallon;S2P2;Plot 1;2025-06-23;58;Porites astreoides;PAST;191.08;;
Farallon;S2P2;Plot 1;2025-10-18;58;Porites astreoides;PAST;172.44;;
Farallon;S2P2;Plot 1;2025-12-01;58;Porites astreoides;PAST;159.05;;
Farallon;S2P2;Plot 1;2026-05-08;58;Porites astreoides;PAST;211.04;;
Farallon;S2P2;Plot 3;2024-12-02;58;Siderastrea siderea;SSID;6.27;;
Farallon;S2P2;Plot 3;2025-04-14;58;Siderastrea siderea;SSID;6.28;;
Farallon;S2P2;Plot 3;2025-06-23;58;Siderastrea siderea;SSID;9.33;;
Farallon;S2P2;Plot 3;2025-10-18;58;Siderastrea siderea;SSID;8.14;;
Farallon;S2P2;Plot 3;2026-05-08;58;Siderastrea siderea;SSID;10.01;;
Farallon;S2P2;Plot 1;2024-12-02;59;Porites astreoides;PAST;30.2;;
Farallon;S2P2;Plot 1;2025-04-14;59;Porites astreoides;PAST;36.98;;
Farallon;S2P2;Plot 1;2025-06-23;59;Porites astreoides;PAST;55.75;;
Farallon;S2P2;Plot 1;2025-10-18;59;Porites astreoides;PAST;58.07;;
Farallon;S2P2;Plot 1;2025-12-01;59;Porites astreoides;PAST;114.7;;
Farallon;S2P2;Plot 1;2026-05-08;59;Porites astreoides;PAST;45.2;;
Farallon;S2P2;Plot 3;2024-12-02;59;Siderastrea siderea;SSID;2.0;;
Farallon;S2P2;Plot 1;2024-12-02;60;Porites astreoides;PAST;24.3;;
Farallon;S2P2;Plot 1;2025-04-14;60;Porites astreoides;PAST;20.22;;
Farallon;S2P2;Plot 1;2025-06-23;60;Porites astreoides;PAST;32.69;;
Farallon;S2P2;Plot 1;2025-10-18;60;Porites astreoides;PAST;31.75;;
Farallon;S2P2;Plot 1;2025-12-01;60;Porites astreoides;PAST;34.07;;
Farallon;S2P2;Plot 1;2026-05-08;60;Porites astreoides;PAST;38.46;;
Farallon;S2P2;Plot 3;2024-12-02;60;Siderastrea siderea;SSID;1.74;;
Farallon;S2P2;Plot 3;2025-04-14;60;Siderastrea siderea;SSID;1.22;;
Farallon;S2P2;Plot 3;2025-06-23;60;Siderastrea siderea;SSID;4.37;;
Farallon;S2P2;Plot 3;2025-10-18;60;Siderastrea siderea;SSID;2.37;;
Farallon;S2P2;Plot 3;2026-05-08;60;Siderastrea siderea;SSID;6.91;;
Farallon;S2P2;Plot 1;2024-12-02;61;Porites astreoides;PAST;68.77;;
Farallon;S2P2;Plot 1;2025-04-14;61;Porites astreoides;PAST;67.62;;
Farallon;S2P2;Plot 1;2025-06-23;61;Porites astreoides;PAST;83.82;;
Farallon;S2P2;Plot 1;2025-10-18;61;Porites astreoides;PAST;78.5;;
Farallon;S2P2;Plot 1;2025-12-01;61;Porites astreoides;PAST;91.32;;
Farallon;S2P2;Plot 1;2026-05-08;61;Porites astreoides;PAST;83.96;;
Farallon;S2P2;Plot 3;2024-12-02;61;Stephanocoenia intersepta;SINT;14.17;;
Farallon;S2P2;Plot 3;2025-04-14;61;Stephanocoenia intersepta;SINT;13.89;;
Farallon;S2P2;Plot 3;2025-06-23;61;Stephanocoenia intersepta;SINT;25.63;;
Farallon;S2P2;Plot 3;2025-10-18;61;Stephanocoenia intersepta;SINT;9.82;;
Farallon;S2P2;Plot 3;2026-05-08;61;Stephanocoenia intersepta;SINT;19.23;;
Farallon;S2P2;Plot 1;2025-04-14;62;Siderastrea siderea;SSID;19.59;;
Farallon;S2P2;Plot 1;2025-06-23;62;Siderastrea siderea;SSID;26.59;;
Farallon;S2P2;Plot 1;2025-10-18;62;Siderastrea siderea;SSID;25.05;;
Farallon;S2P2;Plot 1;2025-12-01;62;Siderastrea siderea;SSID;32.36;;
Farallon;S2P2;Plot 3;2024-12-02;62;Porites astreoides;PAST;37.91;;
Farallon;S2P2;Plot 3;2025-04-14;62;Porites astreoides;PAST;17.03;;
Farallon;S2P2;Plot 3;2025-06-23;62;Porites astreoides;PAST;21.22;;
Farallon;S2P2;Plot 3;2025-10-18;62;Porites astreoides;PAST;26.26;;
Farallon;S2P2;Plot 3;2026-05-08;62;Porites astreoides;PAST;33.74;;
Farallon;S2P2;Plot 1;2025-04-14;63;Porites astreoides;PAST;192.72;;
Farallon;S2P2;Plot 1;2025-06-23;63;Porites astreoides;PAST;235.65;;
Farallon;S2P2;Plot 1;2025-10-18;63;Porites astreoides;PAST;272.42;;
Farallon;S2P2;Plot 1;2025-12-01;63;Porites astreoides;PAST;293.54;;
Farallon;S2P2;Plot 1;2026-05-08;63;Porites astreoides;PAST;231.69;;
Farallon;S2P2;Plot 3;2024-12-02;63;Porites astreoides;PAST;297.58;;
Farallon;S2P2;Plot 3;2025-04-14;63;Porites astreoides;PAST;337.65;;
Farallon;S2P2;Plot 3;2025-06-23;63;Porites astreoides;PAST;374.61;;
Farallon;S2P2;Plot 3;2025-10-18;63;Porites astreoides;PAST;371.55;;
Farallon;S2P2;Plot 3;2026-05-08;63;Porites astreoides;PAST;367.71;;
Farallon;S2P2;Plot 1;2025-04-14;64;Porites astreoides;PAST;90.08;;
Farallon;S2P2;Plot 1;2025-06-23;64;Porites astreoides;PAST;98.13;;
Farallon;S2P2;Plot 1;2025-10-18;64;Porites astreoides;PAST;43.02;;
Farallon;S2P2;Plot 1;2025-10-18;64;Porites astreoides;PAST;6.03;;
Farallon;S2P2;Plot 1;2025-12-01;64;Porites astreoides;PAST;36.89;;
Farallon;S2P2;Plot 1;2025-12-01;64;Porites astreoides;PAST;4.09;;
Farallon;S2P2;Plot 1;2026-05-08;64;Porites astreoides;PAST;71.51;;
Farallon;S2P2;Plot 3;2024-12-02;64;Siderastrea siderea;SSID;454.51;;
Farallon;S2P2;Plot 3;2025-04-14;64;Siderastrea siderea;SSID;498.99;;
Farallon;S2P2;Plot 3;2025-06-23;64;Siderastrea siderea;SSID;522.03;;
Farallon;S2P2;Plot 3;2025-10-18;64;Siderastrea siderea;SSID;586.29;;
Farallon;S2P2;Plot 3;2026-05-08;64;Siderastrea siderea;SSID;519.33;;
Farallon;S2P2;Plot 1;2025-04-14;65;Porites astreoides;PAST;56.49;;
Farallon;S2P2;Plot 1;2025-06-23;65;Porites astreoides;PAST;63.79;;
Farallon;S2P2;Plot 1;2025-10-18;65;Porites astreoides;PAST;55.21;;
Farallon;S2P2;Plot 1;2025-12-01;65;Porites astreoides;PAST;41.7;;
Farallon;S2P2;Plot 1;2026-05-08;65;Porites astreoides;PAST;23.59;;
Farallon;S2P2;Plot 3;2024-12-02;65;Porites astreoides;PAST;326.61;;
Farallon;S2P2;Plot 3;2025-04-14;65;Porites astreoides;PAST;355.71;;
Farallon;S2P2;Plot 3;2025-06-23;65;Porites astreoides;PAST;368.51;;
Farallon;S2P2;Plot 3;2025-10-18;65;Porites astreoides;PAST;335.42;;
Farallon;S2P2;Plot 3;2026-05-08;65;Porites astreoides;PAST;370.01;;
Farallon;S2P2;Plot 1;2025-10-18;66;Pseudodiploria strigosa;PSTR;17.14;;
Farallon;S2P2;Plot 1;2025-12-01;66;Pseudodiploria strigosa;PSTR;15.27;;
Farallon;S2P2;Plot 1;2026-05-08;66;Pseudodiploria strigosa;PSTR;20.25;;
Farallon;S2P2;Plot 3;2024-12-02;66;Porites porites;PPOR;9.45;;
Farallon;S2P2;Plot 3;2025-04-14;66;Porites porites;PPOR;10.22;;
Farallon;S2P2;Plot 3;2025-06-23;66;Porites porites;PPOR;15.27;;
Farallon;S2P2;Plot 3;2025-10-18;66;Porites porites;PPOR;16.12;;
Farallon;S2P2;Plot 3;2026-05-08;66;Porites porites;PPOR;14.7;;
Farallon;S2P2;Plot 1;2025-12-01;67;Porites astreoides;PAST;160.01;;
Farallon;S2P2;Plot 1;2026-05-08;67;Porites astreoides;PAST;123.18;;
Farallon;S2P2;Plot 3;2024-12-02;67;Porites porites;PPOR;7.26;;
Farallon;S2P2;Plot 3;2025-04-14;67;Porites porites;PPOR;7.63;;
Farallon;S2P2;Plot 3;2025-06-23;67;Porites porites;PPOR;11.73;;
Farallon;S2P2;Plot 3;2024-12-02;68;Colpophyllia natans;CNAT;9.91;;
Farallon;S2P2;Plot 3;2025-04-14;68;Colpophyllia natans;CNAT;12.21;;
Farallon;S2P2;Plot 3;2025-06-23;68;Colpophyllia natans;CNAT;11.93;;
Farallon;S2P2;Plot 3;2024-12-02;69;Porites astreoides;PAST;10.17;;
Farallon;S2P2;Plot 3;2025-04-14;69;Porites astreoides;PAST;11.47;;
Farallon;S2P2;Plot 3;2025-06-23;69;Porites astreoides;PAST;18.78;;
Farallon;S2P2;Plot 3;2025-10-18;69;Porites astreoides;PAST;12.2;;
Farallon;S2P2;Plot 3;2026-05-08;69;Porites astreoides;PAST;11.46;;
Farallon;S2P2;Plot 3;2024-12-02;70;Porites astreoides;PAST;8.45;;
Farallon;S2P2;Plot 3;2025-04-14;70;Porites astreoides;PAST;8.66;;
Farallon;S2P2;Plot 3;2025-06-23;70;Porites astreoides;PAST;9.57;;
Farallon;S2P2;Plot 3;2025-10-18;70;Porites astreoides;PAST;22.93;;
Farallon;S2P2;Plot 3;2024-12-02;71;Porites astreoides;PAST;6.94;;
Farallon;S2P2;Plot 3;2025-04-14;71;Porites astreoides;PAST;5.23;;
Farallon;S2P2;Plot 3;2025-06-23;71;Porites astreoides;PAST;7.75;;
Farallon;S2P2;Plot 3;2025-10-18;71;Porites astreoides;PAST;8.61;;
Farallon;S2P2;Plot 3;2026-05-08;71;Porites astreoides;PAST;2.22;;
Farallon;S2P2;Plot 3;2024-12-02;72;Porites astreoides;PAST;15.86;;
Farallon;S2P2;Plot 3;2025-04-14;72;Porites astreoides;PAST;22.6;;
Farallon;S2P2;Plot 3;2025-06-23;72;Porites astreoides;PAST;32.59;;
Farallon;S2P2;Plot 3;2025-10-18;72;Porites astreoides;PAST;10.77;;
Farallon;S2P2;Plot 3;2026-05-08;72;Porites astreoides;PAST;4.41;;
Farallon;S2P2;Plot 3;2024-12-02;73;Porites astreoides;PAST;15.78;;
Farallon;S2P2;Plot 3;2025-04-14;73;Porites astreoides;PAST;23.07;;
Farallon;S2P2;Plot 3;2025-06-23;73;Porites astreoides;PAST;21.26;;
Farallon;S2P2;Plot 3;2025-10-18;73;Porites astreoides;PAST;26.58;;
Farallon;S2P2;Plot 3;2026-05-08;73;Porites astreoides;PAST;22.79;;
Farallon;S2P2;Plot 3;2024-12-02;74;Porites astreoides;PAST;21.27;;
Farallon;S2P2;Plot 3;2025-04-14;74;Porites astreoides;PAST;25.26;;
Farallon;S2P2;Plot 3;2025-06-23;74;Porites astreoides;PAST;20.98;;
Farallon;S2P2;Plot 3;2025-10-18;74;Porites astreoides;PAST;32.8;;
Farallon;S2P2;Plot 3;2026-05-08;74;Porites astreoides;PAST;44.41;;
Farallon;S2P2;Plot 3;2024-12-02;75;Porites astreoides;PAST;71.76;;
Farallon;S2P2;Plot 3;2025-04-14;75;Porites astreoides;PAST;91.56;;
Farallon;S2P2;Plot 3;2025-06-23;75;Porites astreoides;PAST;71.92;;
Farallon;S2P2;Plot 3;2025-10-18;75;Porites astreoides;PAST;99.94;;
Farallon;S2P2;Plot 3;2026-05-08;75;Porites astreoides;PAST;96.73;;
Farallon;S2P2;Plot 3;2024-12-02;76;Porites astreoides;PAST;35.76;;
Farallon;S2P2;Plot 3;2025-04-14;76;Porites astreoides;PAST;35.24;;
Farallon;S2P2;Plot 3;2025-06-23;76;Porites astreoides;PAST;50.97;;
Farallon;S2P2;Plot 3;2025-10-18;76;Porites astreoides;PAST;52.69;;
Farallon;S2P2;Plot 3;2026-05-08;76;Porites astreoides;PAST;54.68;;
Farallon;S2P2;Plot 3;2024-12-02;77;Porites astreoides;PAST;43.05;;
Farallon;S2P2;Plot 3;2025-04-14;77;Porites astreoides;PAST;30.91;;
Farallon;S2P2;Plot 3;2025-06-23;77;Porites astreoides;PAST;45.31;;
Farallon;S2P2;Plot 3;2025-10-18;77;Porites astreoides;PAST;44.69;;
Farallon;S2P2;Plot 3;2026-05-08;77;Porites astreoides;PAST;32.27;;
Farallon;S2P2;Plot 3;2024-12-02;78;Porites astreoides;PAST;20.16;;
Farallon;S2P2;Plot 3;2025-04-14;78;Porites astreoides;PAST;28.79;;
Farallon;S2P2;Plot 3;2025-10-18;78;Porites astreoides;PAST;37.7;;
Farallon;S2P2;Plot 3;2026-05-08;78;Porites astreoides;PAST;34.99;;
Farallon;S2P2;Plot 3;2026-05-08;79;Porites astreoides;PAST;13.19;;
Farallon;S2P2;Plot 3;2026-05-08;80;Porites astreoides;PAST;37.75;;
Farallon;S2P2;Plot 2;2024-12-02;81;Porites astreoides;PAST;42.75;;
Farallon;S2P2;Plot 2;2025-04-14;81;Porites astreoides;PAST;45.64;;
Farallon;S2P2;Plot 2;2025-06-23;81;Porites astreoides;PAST;61.9;;
Farallon;S2P2;Plot 2;2026-05-08;81;Porites astreoides;PAST;45.38;;
Farallon;S2P2;Plot 3;2024-12-02;82;Porites astreoides;PAST;111.33;;
Farallon;S2P2;Plot 3;2025-04-14;82;Porites astreoides;PAST;110.3;;
Farallon;S2P2;Plot 3;2025-06-23;82;Porites astreoides;PAST;142.93;;
Farallon;S2P2;Plot 3;2025-10-18;82;Porites astreoides;PAST;129.19;;